Name,HT
Adrian Andreev,180
Adrian Menendez Maceiras,183
Alejandro Gomez,183
Akira Santillan,180
Alejandro Gonzalez,183
Alejandro Tabilo,188
Aleksandar Vukic,188
Aleksandre Metreveli,183
Alen Avidzba,188
Alex Bolt,183
Alex Molcan,178
Alexander Erler,193
Alexander Sarkissian,191
Alexandre Muller,183
Alexandre Sidorenko,185
Altug Celikbilek,183
Amine Ahouda,185
Andrea Arnaboldi,180
Andrea Pellegrino,185
Andrea Vavassori,191
Andrew Harris,183
Andrew Whittington,188
Ante Pavic,196
Antoine Hoang,183
Arthur Cazaux,183
Arthur De Greef,183
Arthur Rinderknech,183
Austin Krajicek,188
Bastian Trinker,188
Benjamin Bonzi,183
Bernabe Zapata Miralles,183
Bjorn Fratangelo,183
Botic Van De Zandschulp,191
Brandon Nakashima,188
Brayden Schnur,193
Calvin Hemery,191
Carl Soderlund,188
Carlos Taberner,183
Christian Harrison,180
Christopher Eubanks,201
Dane Sweeny,170
Daniel Altmaier,188
Daniel Munoz de la Nava,175
Danilo Petrovic,203
Dennis Novikov,193
Duje Ajdukovic,244
Elliot Benchetrit,193
Emilio Gomez,185
Enzo Couacaud,183
Ernesto Escobedo,185
Facundo Arguello,178
Federico Coria,180
Federico Gaio,178
Flavio Cobolli,175
Francisco Cerundolo,185
Frederico Ferreira Silva,178
Gian Marco Moroni,185
Gianluigi Quinzi,191
Gleb Sakharov,185
Guido Andreozzi,183
Harry Bourchier,185
Holger Rune,188
Hugo Gaston,173
Hugo Grenier,196
Inigo Cervantes Huegun,180
J J Wolf,183
Jack Draper,193
Jan Satral,185
Jared Donaldson,188
Jason Jung,180
Jason Kubler,178
Jay Clarke,183
Jenson Brooksby,193
John Patrick Smith,188
Jonas Forejtek,183
Juan Ignacio Londero,134
Juan Manuel Cerundolo,183
Juan Pablo Varillas,185
Jurij Rodionov,191
Kacper Zuk,183
Kamil Majchrzak,180
Kevin King,191
Liam Broady,183
Lorenzo Giustino,180
Louis Wessels,198
Luca Vanni,198
Lukas Klein,193
Mackenzie Mcdonald,178
Marc Andrea Huesler,196
Marc Polmans,188
Marcelo Demoliner,191
Marco Trungelliti,178
Marcus Willis,191
Mario Vilella Martinez,178
Mathias Bourgue,188
Mats Moraing,198
Matteo Donati,185
Matthew Barton,191
Max Purcell,185
Maximilian Marterer,188
Michael Mmoh,188
Mikael Torpegaard,193
Miljan Zekic,185
Mitchell Krueger,188
Nicola Kuhn,178
Nicolas Kicker,178
Nikola Cacic,183
Nino Serdarusic,191
Noah Rubin,175
Nuno Borges,185
Omar Jasika,183
Oscar Otte,193
Pedja Krstin,183
Pedro Cachin,185
Pedro Martinez,185
Prajnesh Gunneswaran,188
Quentin Halys,191
Roberto Marcora,193
Roman Safiullin,185
Rudolf Molleker,185
Sebastian Baez,170
Sebastian Ofner,191
Stefan Kozlov,183
Stefano Napolitano,196
Steven Diez,175
Sumit Nagal,178
Tallon Griekspoor,188
Thiago Seyboth Wild,185
Thomas Fabbiano,173
Timofey Skatov,175
Tomas Barrios Vera,191
Tomas Machac,183
Tomas Martin Etcheverry,196
Tristan Lamasine,183
Vit Kopriva,178
Yan Bai,185
Yosuke Watanuki,180
Zachary Svajda,175
Zizou Bergs,196
